Title, Price ,
Xiaomi Redmi K20,Rs. 63,0
xiaomi redmi k20 pro premium,Rs. 62,999
Xiaomi MI 8 SE (Special Edition),Rs. 62,499
Xiaomi Mix Evo,Rs. 61,400
Xiaomi Mi CC9 Pro,Rs. 60,999
Xiaomi Pocophone F2,Rs. 59,999
Xiaomi Mi 9T,Rs. 58,999
Xiaomi Mi Max 4 Pro,Rs. 55,999
Xiaomi Mi 8 Screen Fingerprint Edition,Rs. 55,0
Xiaomi Pocophone F1,Rs. 51,999
Xiaomi Mi 9 Lite,Rs. 51,999
Xiaomi Mi 8X,Rs. 51,0
Xiaomi Mi 7,Rs. 47,500
Xiaomi Mi 6,Rs. 46,999
Xiaomi Mi Pad 4 Plus,Rs. 45,700
Xiaomi Mi Max 4,Rs. 44,999
Xiaomi Mi A3,Rs. 44,999
Xiaomi Mi Note 3,Rs. 42,600
Xiaomi Mi Max 3,Rs. 41,100
Xiaomi Redmi Note 8 Pro,Rs. 39,999
Xiaomi Poco F2 Lite,Rs. 38,999
Xiaomi Redmi Note 7 Pro,Rs. 37,999
Xiaomi Redmi K30,Rs. 37,999
Xiaomi Mi A2,Rs. 36,999
Xiaomi Mi 5,Rs. 36,500
Xiaomi Redmi Note 7,Rs. 35,999
Xiaomi Redmi Note 8T,Rs. 35,500
Xiaomi Mi Pad 4,Rs. 35,0
Xiaomi Mi Max 2,Rs. 33,280
Xiaomi Mi5s,Rs. 29,999
Xiaomi Mi 8 Lite,Rs. 33,499
Xiaomi Redmi Note 8,Rs. 32,999
Xiaomi Redmi Note 5 Pro,Rs. 31,999
Xiaomi Mi CC9e,Rs. 30,999
Xiaomi Mi 8 Youth,Rs. 30,0
Xiaomi Redmi 8,Rs. 29,999
Xiaomi Mi A1,Rs. 29,899
Xiaomi Mi 6c,Rs. 29,500
Xiaomi Redmi 7 Pro,Rs. 27,999
Xiaomi Redmi Note 6 Pro,Rs. 27,999
Xiaomi Mi Play,Rs. 26,999
Xiaomi Mi 5c,NA,
Xiaomi Redmi 7,Rs. 25,999
Xiaomi Mi 5x,Rs. 25,899
Xiaomi Redmi Pro 2,NA,
Xiaomi Mi Max,Rs. 24,999
Xiaomi Redmi Y3,Rs. 23,999
Xiaomi Redmi Note 7S,Rs. 23,999
Redmi X,Rs. 22,999
Xiaomi Mi A2 Lite,Rs. 22,999
Xiaomi Redmi S2,Rs. 22,499
Xiaomi Redmi Note 5A Prime,NA,
Xiaomi Redmi 6,Rs. 21,999
Xiaomi Redmi 6 Plus/Pro,Rs. 21,300
Xiaomi Redmi Note 4,Rs. 18,999
Xiaomi Redmi 8A,Rs. 19,999
Xiaomi Redmi Note 4x,Rs. 19,800
Xiaomi Redmi 4X,Rs. 18,900
Xiaomi Redmi Note 5,NA,
Xiaomi Redmi 6A,Rs. 17,999
Xiaomi Redmi 5,NA,
Xiaomi Redmi 4A,Rs. 14,500
Xiaomi Redmi 5a,Rs. 14,500
Xiaomi Redmi 4,Rs. 19,499
Xiaomi Redmi 7A,Rs. 11,999
Xiaomi Redmi Go,Rs. 11,699
Xiaomi Mi CC9,Rs. 65,999
Xiaomi Mi Mix 2S,Rs. 70,0
Xiaomi Mi 6X Hatsune Miku Special Edition,Rs. 39,999
Xiaomi Redmi Note Prime,NA,
Xiaomi Redmi 1S,NA,
Xiaomi Mi 2A,NA,
Xiaomi Redmi Pro,NA,
Xiaomi Redmi 2,NA,
Xiaomi Mi 2S,NA,
Xiaomi Redmi 4 Prime,NA,
Xiaomi Redmi 2 Prime,NA,
Xiaomi Mi 3,NA,
Xiaomi Mi CC9 Meitu Custom Edition,Rs. 0,
Xiaomi Redmi 2 Pro,NA,
